name,email,company,industry,job_title,location,phone,score,priority,persona,email_subject,email_body,status,response_status,processed_at,error_message
Sarah Johnson,sarah.johnson@techcorp.com,TechCorp Inc,Technology,Chief Technology Officer,San Francisco CA,,10,High,"As the Chief Technology Officer at TechCorp Inc, Alexandra ""Alex"" Thompson is a strategic technology leader focused on driving innovation and digital transformation, with professional goals to modernize the company's infrastructure, enhance cybersecurity, and leverage emerging technologies to stay competitive. Alex's primary challenges include managing the complexities of legacy system integration, mitigating cybersecurity risks, and justifying IT investments to the board, motivating her to seek cutting-edge solutions and partners that can help her achieve these objectives while demonstrating tangible ROI.",Boost Sales Efficiency,"Dear Sarah,
As CTO at TechCorp Inc, you understand the importance of innovative solutions. Our AI-powered CRM automates lead scoring and outreach, enhancing sales team productivity. I'd love to discuss how our technology can drive tangible ROI for your organization. Can we schedule a call to explore further?
Best, [Your Name]",sent,not_interested,2025-12-26 05:29:33.879256,
Michael Chen,m.chen@innovate.io,Innovate Solutions,Software,VP of Engineering,Seattle WA,+1-206-555-0123,8,High,"As the VP of Engineering at Innovate Solutions, a leading software company, Alexandra's primary goal is to streamline development processes and enhance product quality while navigating the challenges of scaling the engineering team and staying ahead of the competition. Her buying motivations are driven by the need for efficient project management tools, innovative technologies, and strategic partnerships that can help her team deliver high-quality software solutions quickly and effectively, ultimately driving business growth and revenue increase.",Boost Sales Efficiency,"Dear Michael,
As VP of Engineering at Innovate Solutions, you understand the importance of efficient processes. Our AI-powered CRM can help your sales team automate lead scoring and outreach, freeing up resources for high-leverage activities. I'd love to discuss how our solution can support your business growth goals. Can we schedule a call to explore further?",sent,interested,2025-12-26 05:29:33.995795,
Emily Rodriguez,emily.r@financeplus.com,Finance Plus Inc.,Finance,Senior Director,New York NY,,7,Medium,"As the Senior Director at Finance Plus Inc., this buyer persona is driven by the goal of optimizing financial operations and mitigating risk, while facing challenges such as regulatory compliance, data security, and inefficient legacy systems. With a motivation to stay ahead of the competition and improve bottom-line results, this senior leader is likely to invest in innovative financial technologies and consulting services that can help streamline processes, enhance decision-making, and reduce costs.",Boost Sales Efficiency,"Dear Emily,
As a Senior Director at Finance Plus Inc., you understand the importance of optimized operations. Our AI-powered CRM can help your sales team automate lead scoring and outreach, reducing costs and enhancing decision-making. I'd love to discuss how our solution can streamline your financial operations and drive bottom-line results. Can we schedule a call to explore further?",sent,no_response,2025-12-26 05:29:34.244742,
James Williams,james@startuphub.com,StartupHub,Technology,Founder,Austin TX,+1-512-555-0456,4,Low,"As the Founder of StartupHub, a technology startup, this individual is driven to secure funding and partnerships to scale their business, while overcoming challenges such as competitive market landscape and limited resources. With a primary motivation to innovate and disrupt the tech industry, they are likely to invest in solutions that enhance their product development, customer acquisition, and revenue growth, such as cutting-edge software, marketing services, and strategic consulting.",Boost StartupHub's Sales,"Dear James,
As a founder, you understand the importance of efficient sales processes. Our AI-powered CRM can help StartupHub automate lead scoring and outreach, freeing up resources for innovation. I'd love to discuss how our solution can drive revenue growth for your business. Can we schedule a quick call to explore further?",sent,interested,2025-12-26 05:29:34.085539,
Lisa Anderson,l.anderson@healthtech.com,HealthTech Medical,Healthcare,Product Manager,Boston MA,,5,Medium,"As a Product Manager at HealthTech Medical, Emily is driven to develop innovative healthcare solutions that improve patient outcomes and streamline clinical workflows, while navigating the challenges of regulatory compliance, tight project timelines, and limited budgets. Her buying motivations are centered around finding reliable, user-friendly, and cost-effective technologies that can help her launch successful products, enhance customer satisfaction, and stay ahead of the competition in the rapidly evolving healthcare landscape.",Boost Sales Efficiency,"Hi Lisa, 
As a Product Manager at HealthTech Medical, you understand the importance of streamlined sales processes. Our AI-powered CRM automates lead scoring and outreach, freeing up your team to focus on high-value interactions. I'd love to discuss how our solution can help you launch successful products and enhance customer satisfaction. Can we schedule a quick call to explore further?",sent,no_response,2025-12-26 05:29:33.843276,
David Kim,david.kim@retailpro.com,RetailPro,Retail,Director of Sales,Chicago IL,+1-312-555-0789,7,Medium,"As the Director of Sales at RetailPro, Emily's primary goal is to drive revenue growth and expand the company's customer base, while overcoming challenges such as intense competition and evolving consumer behaviors in the retail industry. To achieve her objectives, Emily is motivated to invest in innovative sales solutions and technologies that can help her team streamline processes, enhance customer engagement, and gain a competitive edge in the market.",Boost Sales at RetailPro,"Dear David Kim,
As Director of Sales at RetailPro, you understand the importance of streamlining sales processes. Our AI-powered CRM can help your team automate lead scoring and outreach, driving revenue growth and customer engagement. I'd love to discuss how our solution can give RetailPro a competitive edge. Can we schedule a call to explore further?",sent,not_interested,2025-12-26 05:29:34.979802,
Amanda Foster,amanda@consulting.biz,Foster Consulting LLC,Consulting,Managing Partner,Miami FL,,8,High,"As the Managing Partner of Foster Consulting LLC, this individual aims to drive business growth and expand the firm's client base, while navigating challenges such as intense competition and talent acquisition in the consulting industry. With a motivation to stay ahead of the curve, they are likely to invest in innovative solutions and services that enhance their firm's operational efficiency, improve client satisfaction, and ultimately increase revenue and market share.",Boost Growth,"Dear Amanda,
As a Managing Partner, you understand the importance of efficient sales processes. Our AI-powered CRM can help Foster Consulting LLC automate lead scoring and outreach, freeing up time for high-value activities. I'd love to discuss how our solution can drive business growth and expand your client base. Can we schedule a call to explore further?",sent,interested,2025-12-26 05:29:37.247216,
Robert Martinez,r.martinez@manufacturing.com,Global Manufacturing Co,Manufacturing,Chief Operating Officer,"New York, NY",+1-404-555-0321,9,High,"As the Chief Operating Officer of Global Manufacturing Co, Alexandra's primary goal is to optimize operational efficiency and reduce costs while maintaining product quality, but she faces challenges in streamlining supply chain management and implementing effective technology solutions to stay competitive. With a strong motivation to drive business growth and improve profitability, Alexandra is likely to invest in innovative manufacturing solutions, such as automation and data analytics tools, that can help her overcome operational hurdles and achieve her strategic objectives.","Streamline your sales process, Robert","Hi Robert,

I noticed you're in Manufacturing sector and thought our AI-powered CRM might help streamline your sales operations.

Would you be open to a quick 15-minute conversation about automating lead scoring and outreach?

Best regards,
Sales Team",sent,interested,2025-12-26 05:29:39.236613,
Jennifer Taylor,jennifer.t@edtech.edu,EduTech Learning,Education,Head of Product,San Diego CA,,7,Medium,"As the Head of Product at EduTech Learning, Emily's primary goal is to develop and launch innovative educational products that enhance student engagement and learning outcomes, while navigating the challenges of limited budget and stringent regulatory compliance in the education industry. Driven by the motivation to make a meaningful impact on education, Emily is likely to invest in solutions that provide data-driven insights, streamline product development, and facilitate collaboration with educators and stakeholders to inform her product roadmap and decision-making process.",Boost EduTech Sales,"Hi Jennifer, 
As Head of Product at EduTech Learning, you understand the importance of efficient sales processes. Our AI-powered CRM can help your team automate lead scoring and outreach, freeing up resources to focus on developing innovative educational products. I'd love to discuss how our solution can support your goals. Can we schedule a call to explore further?",sent,not_interested,2025-12-26 05:29:39.358191,
Christopher Lee,chris.lee@cloudservices.io,CloudServices Inc,Technology,Engineering Manager,Denver CO,+1-720-555-0654,5,Medium,"As an Engineering Manager at CloudServices Inc, Alexandra's primary goal is to optimize the company's technology infrastructure and streamline development processes, while facing challenges such as managing a remote team, ensuring timely project delivery, and staying up-to-date with the latest cloud technologies. Alexandra is motivated to invest in innovative solutions that enhance collaboration, improve code quality, and reduce operational costs, driving her to seek out reliable and scalable tools that can help her team deliver high-quality products and services efficiently.","Streamline your sales process, Christopher","Hi Christopher,

I noticed you're in Technology sector and thought our AI-powered CRM might help streamline your sales operations.

Would you be open to a quick 15-minute conversation about automating lead scoring and outreach?

Best regards,
Sales Team",sent,interested,2025-12-26 05:29:39.288489,
Maria Garcia,maria.garcia@pharma.com,PharmaCorp,Pharmaceuticals,Research Scientist,Philadelphia PA,,5,Medium,Professional in Pharmaceuticals sector seeking efficient solutions.,"Streamline your sales process, Maria","Hi Maria,

I noticed you're in Pharmaceuticals sector and thought our AI-powered CRM might help streamline your sales operations.

Would you be open to a quick 15-minute conversation about automating lead scoring and outreach?

Best regards,
Sales Team",sent,no_response,2025-12-26 05:29:50.016806,
Daniel Brown,daniel@logistics.net,FastShip Logistics,Logistics,VP Operations,Dallas TX,+1-214-555-0987,5,Medium,Professional in Logistics sector seeking efficient solutions.,Boost Sales Efficiency,"Dear Daniel,
As a logistics expert, you understand the value of streamlined operations. Our AI-powered CRM can help FastShip Logistics' sales team automate lead scoring and outreach, freeing up time for high-value activities. I'd love to discuss how our solution can optimize your sales process. Can we schedule a call to explore further?
Best, [Your Name]",sent,interested,2025-12-26 05:29:50.241013,
Jessica White,j.white@mediagroup.com,MediaGroup Inc.,Media,Creative Director,Los Angeles CA,,6,Medium,Professional in Media sector seeking efficient solutions.,Boost Sales Efficiency,"Dear Jessica,
As a Creative Director at MediaGroup Inc., you understand the importance of streamlining sales processes. Our AI-powered CRM can help your team automate lead scoring and outreach, freeing up time for high-value tasks. I'd love to discuss how our solution can increase your team's productivity. Can we schedule a call to explore further?
Best, [Your Name]",sent,no_response,2025-12-26 05:29:56.611861,
Matthew Wilson,m.wilson@bankingsolutions.com,Banking Solutions Ltd,Finance,Senior VP,Charlotte NC,+1-704-555-0123,5,Medium,"As the Senior VP of Banking Solutions Ltd, Alexandra prioritizes strategic investments in innovative technologies that enhance customer experience, improve operational efficiency, and mitigate regulatory risks, driving her to seek solutions that balance growth with risk management. With a focus on staying competitive in a rapidly evolving financial landscape, Alexandra is motivated to purchase cutting-edge banking solutions that address her challenges in compliance, cybersecurity, and digital transformation, ultimately aiming to increase revenue and market share for her organization.","Streamline your sales process, Matthew","Hi Matthew,

I noticed you're in Finance sector and thought our AI-powered CRM might help streamline your sales operations.

Would you be open to a quick 15-minute conversation about automating lead scoring and outreach?

Best regards,
Sales Team",sent,no_response,2025-12-26 05:29:50.542141,
Laura Thompson,laura@ailab.research,AI Research Lab,Research,Principal Scientist,Cambridge MA,,5,Medium,Professional in Research sector seeking efficient solutions.,Boost Sales Efficiency,"Dear Laura,
As a Principal Scientist at AI Research Lab, you understand the importance of leveraging AI for optimal results. Our AI-powered CRM can help your sales team automate lead scoring and outreach, saving time and increasing conversions. I'd love to discuss how our solution can support your research-driven approach. Can we schedule a call to explore further?
Best, [Your Name]",sent,no_response,2025-12-26 05:29:52.425329,
Kevin Moore,kevin.moore@insurance.com,SecureLife Insurance,Insurance,Director of Technology,,+1-617-555-0456,7,Medium,Professional in Insurance sector seeking efficient solutions.,Boost Sales Efficiency,"Dear Kevin,
As Director of Technology at SecureLife Insurance, you understand the importance of streamlining sales processes. Our AI-powered CRM can help your team automate lead scoring and outreach, increasing productivity and conversion rates. I'd love to discuss how our solution can benefit SecureLife. Can we schedule a call to explore further?
Best, [Your Name]",sent,interested,2025-12-26 05:30:05.533107,
Rachel Adams,rachel@foodtech.com,FoodTech Innovations,Food & Beverage,Chief Marketing Officer,Portland OR,,5,Medium,"As the Chief Marketing Officer at FoodTech Innovations, Alexandra's primary goal is to drive business growth through innovative marketing strategies and stay ahead of the competition in the rapidly evolving food and beverage industry, while overcoming challenges such as changing consumer preferences and regulatory compliance. With a focus on digital transformation, Alexandra is motivated to invest in cutting-edge marketing technologies and solutions that can help her optimize customer engagement, enhance brand reputation, and ultimately increase revenue for the company.","Streamline your sales process, Rachel","Hi Rachel,

I noticed you're in Food & Beverage sector and thought our AI-powered CRM might help streamline your sales operations.

Would you be open to a quick 15-minute conversation about automating lead scoring and outreach?

Best regards,
Sales Team",sent,no_response,2025-12-26 05:30:03.338307,
Steven Clark,s.clark@realestate.pro,Metro Realty Group,Real Estate,Managing Director,Miami FL,+1-305-555-0789,5,Medium,Professional in Real Estate sector seeking efficient solutions.,"Streamline your sales process, Steven","Hi Steven,

I noticed you're in Real Estate sector and thought our AI-powered CRM might help streamline your sales operations.

Would you be open to a quick 15-minute conversation about automating lead scoring and outreach?

Best regards,
Sales Team",sent,no_response,2025-12-26 05:30:03.272182,
Nicole Martin,nicole.m@cybersec.io,CyberShield Security,Cybersecurity,VP of Sales,Washington DC,,5,Medium,Professional in Cybersecurity sector seeking efficient solutions.,Boost Sales Efficiency,"Dear Nicole,
As a VP of Sales at CyberShield Security, you understand the importance of streamlining sales processes. Our AI-powered CRM helps automate lead scoring and outreach, freeing up your team to focus on high-value deals. I'd love to discuss how our solution can enhance your sales strategy. Can we schedule a call to explore further?
Best, [Your Name]",sent,no_response,2025-12-26 05:30:03.604311,
Brian Hall,brian@energyco.com,GreenEnergy Corp,Energy,,Houston TX,+1-713-555-0321,5,Medium,"As a professional at GreenEnergy Corp, this individual is driven to achieve company goals of reducing carbon footprint and increasing renewable energy sources, while overcoming challenges such as high operational costs and regulatory compliance. With a strong motivation to invest in innovative solutions that improve energy efficiency and sustainability, this buyer is likely to seek out cutting-edge technologies and services that can help GreenEnergy Corp stay competitive and achieve its environmental objectives.","Streamline your sales process, Brian","Hi Brian,

I noticed you're in Energy sector and thought our AI-powered CRM might help streamline your sales operations.

Would you be open to a quick 15-minute conversation about automating lead scoring and outreach?

Best regards,
Sales Team",sent,not_interested,2025-12-26 05:30:12.198628,
Ashley Wright,ashley.wright@fashion.com,StyleHub Fashion,Fashion,Head of E-commerce,New York NY,,5,Medium,"As the Head of E-commerce at StyleHub Fashion, Emily's primary goal is to increase online sales revenue by 20% within the next quarter, while overcoming challenges such as optimizing website user experience, improving supply chain efficiency, and staying ahead of competitors in the rapidly evolving fashion industry. To achieve this, Emily is motivated to invest in innovative e-commerce solutions, such as AI-powered chatbots and personalized marketing tools, that can enhance customer engagement, streamline operations, and drive business growth for StyleHub Fashion.","Streamline your sales process, Ashley","Hi Ashley,

I noticed you're in Fashion sector and thought our AI-powered CRM might help streamline your sales operations.

Would you be open to a quick 15-minute conversation about automating lead scoring and outreach?

Best regards,
Sales Team",sent,not_interested,2025-12-26 05:30:16.685393,
Ryan Patterson,ryan@saasplatform.io,SaaSPlatform Inc.,Software,Founder & CEO,San Francisco CA,+1-415-555-0654,5,Medium,Professional in Software sector seeking efficient solutions.,Boost Sales Efficiency,"Dear Ryan,
As a founder of a SaaS company, you understand the importance of streamlining sales processes. Our AI-powered CRM can help SaaSPlatform Inc. automate lead scoring and outreach, increasing productivity and conversions. I'd love to discuss how our solution can benefit your business. Can we schedule a call to explore further?
Best, [Your Name]",sent,no_response,2025-12-26 05:30:16.954929,
Michelle Turner,michelle@automotive.com,AutoTech Innovations,Automotive,Director of Innovation,Detroit MI,,5,Medium,Professional in Automotive sector seeking efficient solutions.,Boost Sales Efficiency,"Dear Michelle,
As Director of Innovation at AutoTech Innovations, you understand the importance of streamlining sales processes. Our AI-powered CRM can help your team automate lead scoring and outreach, increasing productivity and conversion rates. I'd love to discuss how our solution can benefit AutoTech Innovations. Can we schedule a call to explore further?
Best, [Your Name]",sent,interested,2025-12-26 05:30:14.826541,
